<?xml version="1.0" encoding="UTF-8"?>
<!DOCTYPE suite SYSTEM "https://testng.org/testng-1.0.dtd">
<suite name = "Main project Practo" >
	<listeners>
		<listener class-name="utils.ExtentReportManager" />
	</listeners>
	<test name = "Searching Doctor">
		<parameter name="Browser" value="chrome"/>
			<classes>
				<class name = "testcases.Test001_Search_Doctor"/>
				<class name = "testcases.TC002_Surgeries"/>
				<class name = "testcases.TC003_Check_Demo_Form"/>
			</classes>
	</test>
</suite>